project,repo,defect_id,date,evidence_type,evidence_url,commit_sha,defect_class,class_confidence,discovery_venue,venue_confidence,description,evidence_quote,experiment_ruining_proposed,ruining_rationale,fix_files,fix_loc
AirStack-core,castacks/AirStack,AirStack-core-001,2026-04-29,issue,https://github.com/castacks/AirStack/issues/349,27ba8e6ab4a7cde75188adbd341712b26a058ee7,build,medium,ci_premerge,medium,[stack] ms-airsim image built on a non-desktop Ubuntu base lacked display/Vulkan runtime; AirSim crashed at launch on the headless CI GPU instance,"Try to launch AirSim on headless container, won't launch, crashes ... Just had to switch to Ubuntu-24.04-Desktop image. Fixed in 27ba8e6",no,Crash at simulator launch; caught before any test or flight ran.,.github/orchestrator/config.example.yaml,+2/-2
AirStack-core,castacks/AirStack,AirStack-core-002,2026-04-29,commit_msg,https://github.com/castacks/AirStack/commit/9804274fb386f96c2c32302c6d904e77595d0cad,9804274fb386f96c2c32302c6d904e77595d0cad,build,low,unknown,low,[stack] unpinned empy in the robot image broke ROS 2 Jazzy message generation; pinned to 3.3.4,Pin empy version to fix ROS2 jazzy version bug,no,Build-time failure.,robot/docker/Dockerfile.robot,+1/-1
AirStack-core,castacks/AirStack,AirStack-core-003,2026-04-30,ci_run,https://github.com/castacks/AirStack/actions/runs/25190894377,08ac1717180ae5776c9a62c9287b4aadb5c9d0c3,parameter,medium,ci_premerge,low,[harness] workflow granted issues:write but posting the /pytest acknowledgment on a PR needs pull-requests:write; comment step failed,"comments on PRs are gated by the pull-requests permission, not issues ... only pull-requests:write actually works for PR comments",no,Workflow permission; log expired so the failing step is inferred from the fix.,.github/workflows/system-tests.yml,+8/-7
AirStack-core,castacks/AirStack,AirStack-core-004,2026-04-30,ci_run,https://github.com/castacks/AirStack/actions/runs/25195327326,957f5089e29e9df6dc2661d81aff1a4018d882ce,build,high,ci_premerge,high,[stack] vdb_mapping_ros2 submodule pinned to an unpushed commit; CI checkout could not fetch it and the System Tests job died before pytest,"Fetched in submodule path 'robot/ros_ws/src/global/world_models/vdb_mapping_ros2', but it did not contain 68fe8ddea43365d1c720b07f1d109490e1bd960c. Direct fetching of that commit failed.",no,"Fails at clone/checkout on any fresh machine, before anything runs.",robot/ros_ws/src/global/world_models/vdb_mapping_ros2,+1/-1
AirStack-core,castacks/AirStack,AirStack-core-005,2026-04-30,ci_run,https://github.com/castacks/AirStack/actions/runs/25190586033,9fc5580ed8620e36084010c34ff380f803bba00d,build,medium,ci_premerge,low,"[harness] system-tests.yml resolved the PR head with gh/jq, which the ephemeral self-hosted runner does not have; step replaced with actions/github-script","Uses actions/github-script (Node, bundled with the runner) instead of `gh` so we don't depend on system tools — the ephemeral self-hosted runner doesn't have gh/jq installed.",no,Workflow bring-up bug; log expired so the failing step is inferred from the fix.,.github/workflows/system-tests.yml,+22/-17
AirStack-core,castacks/AirStack,AirStack-core-006,2026-04-30,commit_msg,https://github.com/castacks/AirStack/commit/e37e136de415a0dbd6aa26646f1e15ed1b6f2d7a,e37e136de415a0dbd6aa26646f1e15ed1b6f2d7a,logic,medium,unknown,low,"[harness] metrics job located result dirs with a top-level ls; artifact downloaders nest differently, so baseline/current results.xml were not found","Nesting depth differs by downloader: actions/download-artifact@v4 ... extracts straight into the path, while dawidd6/action-download-artifact@v6 ... wraps each artifact in a subdir",no,Reporting job only.,.github/workflows/system-tests.yml,+9/-5
AirStack-core,castacks/AirStack,AirStack-core-007,2026-05-04,commit_msg,https://github.com/castacks/AirStack/commit/d5702711702f7d0127adfead2618bba7cc9acf87,d5702711702f7d0127adfead2618bba7cc9acf87,remap_topic,high,unknown,low,[stack] lidar filter defaulted to sensors/lidar/point_cloud_raw with BEST_EFFORT QoS while Pegasus publishes sensors/ouster/point_cloud_raw RELIABLE; filter received nothing,Match Pegasus / Isaac ouster namespace ... Isaac / Replicator point_cloud_raw uses RELIABLE,uncertain,Silent absence of filtered lidar; downstream mapping would run without obstacles.,robot/ros_ws/src/sensors/lidar_point_cloud_filter/README.md; robot/ros_ws/src/sensors/lidar_point_cloud_filter/config/lidar_point_cloud_filter.yaml; robot/ros_ws/src/sensors/lidar_point_cloud_filter/lidar_point_cloud_filter/lidar_point_cloud_filter_node.py,+49/-29
AirStack-core,castacks/AirStack,AirStack-core-008,2026-05-05,commit_msg,https://github.com/castacks/AirStack/commit/cb8b61653036086e898cd62cca5efce52480f67b,cb8b61653036086e898cd62cca5efce52480f67b,build,medium,unknown,low,[stack] Isaac python.sh picked up Jazzy's Python 3.12 rclpy from PYTHONPATH; _rclpy_pybind11 ABI errors at sim launch; path filtered for Kit scripts,using that rclpy from Isaac's interpreter causes _rclpy_pybind11 / ABI errors,no,Fails at simulator launch.,simulation/isaac-sim/docker/.bashrc; simulation/isaac-sim/docker/docker-compose.yaml,+6/-12 (listed files only)
AirStack-core,castacks/AirStack,AirStack-core-009,2026-05-08,pr_thread,https://github.com/castacks/AirStack/pull/351#discussion_r3205701225,07a5e7849bf96119a72e181b3bedbf0e9115b3b4,parameter,medium,unknown,high,[stack] found in PR review: two_drone_scene_import attached robot_1's lidar subgraph to /World/base_link while the drone spawned at /World/drone1/base_link; robot_1 published no lidar,`drone_prim` is set to `/World/base_link` while the multirotor + camera use `/World/drone1/base_link`. This likely attaches the lidar subgraph to a non-existent prim ... Implemented in 07a5e78.,uncertain,Silent missing sensor for one robot in a two-drone scene.,simulation/isaac-sim/launch_scripts/two_drone_scene_import.py,+2/-2
AirStack-core,castacks/AirStack,AirStack-core-010,2026-05-08,pr_thread,https://github.com/castacks/AirStack/pull/351#discussion_r3190886305,6a0f9a7fd9f96b9f068662a7fa803813b60504ef,build,medium,unknown,high,[stack] found in PR review: lidar_point_cloud_filter imported sensor_msgs_py without declaring it in package.xml,`sensor_msgs_py` is imported by the node ... but the package.xml does not declare a dependency on the `sensor_msgs_py` ROS package. / autofix applied,no,Dependency declaration; would fail rosdep/colcon in a slim image.,robot/ros_ws/src/sensors/lidar_point_cloud_filter/package.xml (autofix within PR #351; commit_sha is the squash merge),n/a (fix commit not isolated; final package.xml declares <exec_depend>sensor_msgs_py</exec_depend>)
AirStack-core,castacks/AirStack,AirStack-core-011,2026-05-08,pr_thread,https://github.com/castacks/AirStack/pull/351#discussion_r3190886338,6a0f9a7fd9f96b9f068662a7fa803813b60504ef,logic,medium,unknown,high,[stack] found in PR review: lidar filter dropped NaN points only; +/-Inf points passed through to the published cloud,"`read_points(..., skip_nans=True)` filters NaNs but not +/-Inf. As a result, infinite points can pass through and be published",uncertain,Infinite points in a cloud can corrupt downstream mapping.,robot/ros_ws/src/sensors/lidar_point_cloud_filter/lidar_point_cloud_filter/lidar_point_cloud_filter_node.py (rewritten within PR #351; commit_sha is the squash merge),n/a (fix commit not isolated; final node filters with np.isfinite)
AirStack-core,castacks/AirStack,AirStack-core-012,2026-05-08,pr_thread,https://github.com/castacks/AirStack/pull/351#discussion_r3197781929,6a0f9a7fd9f96b9f068662a7fa803813b60504ef,logic,medium,unknown,high,"[harness] found in PR review: test_sensor_streams_stable merged sim-side and robot-side rate dicts keyed by identical topic names, dropping one side's samples from metrics.json","`rates = {**rates_sim, **rates_rsd, **rates_lidar}` overwrites entries because sim-side and robot-side stereo/depth use the same topic names. This drops one side's samples from `metrics.json`.",no,Metrics bookkeeping only.,tests/test_sensors.py (within PR #351; commit_sha is the squash merge),"n/a (fix commit not isolated; final code records ('sim', rates_sim) etc. separately)"
AirStack-core,castacks/AirStack,AirStack-core-013,2026-05-08,pr_thread,https://github.com/castacks/AirStack/pull/351#discussion_r3190886240,6a0f9a7fd9f96b9f068662a7fa803813b60504ef,parameter,medium,unknown,high,"[stack] found in PR review: isaac-sim-gui service launched tmux_gui_with_shell.sh, a script that did not exist in the repository","`isaac-sim-gui` now launches `bash /isaac-sim/AirStack/simulation/isaac-sim/docker/tmux_gui_with_shell.sh`, but that script does not exist in the repository. / This is resolved.",no,GUI service fails at start.,simulation/isaac-sim/docker/docker-compose.yaml (within PR #351; commit_sha is the squash merge),n/a (fix commit not isolated; final compose launches /isaac-sim/runapp.sh)
AirStack-core,castacks/AirStack,AirStack-core-014,2026-05-08,pr_thread,https://github.com/castacks/AirStack/pull/351#discussion_r3197447153,6a0f9a7fd9f96b9f068662a7fa803813b60504ef,logic,medium,unknown,high,[stack] found in PR review: asyncio import removed while the SAVE_SCENE_TO export path still called asyncio.get_event_loop(); NameError when export enabled,"`asyncio` is no longer imported in the updated import block. If `SAVE_SCENE_TO` is enabled, the script will raise `NameError: name 'asyncio' is not defined`.",no,Optional export path only.,simulation/isaac-sim/launch_scripts/example_one_px4_pegasus_launch_script.py (within PR #351; commit_sha is the squash merge),n/a (fix commit not isolated; final script imports asyncio)
AirStack-core,castacks/AirStack,AirStack-core-015,2026-05-08,pr_thread,https://github.com/castacks/AirStack/pull/351#discussion_r3197447100,6a0f9a7fd9f96b9f068662a7fa803813b60504ef,logic,medium,unknown,high,[harness] found in PR review: check_lidar_filtered_cloud_sanity returned a 2-tuple on the too-few-containers path while callers unpacked three values; ValueError masked the real failure,"`check_lidar_filtered_cloud_sanity()` returns only a 2-tuple when there are fewer robot containers than `env[""num_robots""]`, but callers ... unpack three values `(ok, msg, rates)`. This will raise a `ValueError`",no,Harness error reporting only.,tests/sensor_probes.py (within PR #351; commit_sha is the squash merge),n/a (fix commit not isolated; final early-return yields a 3-tuple)
AirStack-core,castacks/AirStack,AirStack-core-016,2026-05-08,commit_msg,https://github.com/castacks/AirStack/commit/b07cf268cf276269ddd598b4cbea0d7fa47c5fdc,b07cf268cf276269ddd598b4cbea0d7fa47c5fdc,other,high,unknown,low,[stack] gcs.launch.xml comment contained '--no-sandbox'; '--' is illegal inside an XML comment and crashed the ROS 2 launch parser,gcs.launch.xml: comment had `--no-sandbox` (`--` is illegal inside an XML comment and crashed the ROS launch parser),no,GCS launch fails immediately at start.,common/ros_packages/desktop_bringup/launch/gcs.launch.xml,+1/-1 (listed files only) (commit shared by multiple listed defects)
AirStack-core,castacks/AirStack,AirStack-core-017,2026-05-08,pr_thread,https://github.com/castacks/AirStack/pull/350#discussion_r3193069385,b07cf268cf276269ddd598b4cbea0d7fa47c5fdc,build,medium,unknown,high,[stack] found in PR review: gcs_visualizer imported coordination_msgs and coordination_bringup without declaring them; build ordering and isolated installs could break,"gcs_visualizer Python code imports coordination_msgs (PeerProfile) and coordination_bringup (peer_profile/frame_utils), but those packages are not declared as dependencies here.",no,Dependency declaration only.,common/ros_packages/coordination/coordination_bringup/package.xml; common/ros_packages/desktop_bringup/package.xml; common/ros_packages/msgs/task_msgs/package.xml; gcs/ros_ws/src/gcs_visualizer/package.xml; robot/ros_ws/src/autonomy_bringup/package.xml,+9/-1 (listed files only) (commit shared by multiple listed defects)
AirStack-core,castacks/AirStack,AirStack-core-018,2026-05-08,pr_thread,https://github.com/castacks/AirStack/pull/350#discussion_r3210757069,b07cf268cf276269ddd598b4cbea0d7fa47c5fdc,timing_clock,medium,unknown,high,[stack] found in PR review: gossip node timers and outgoing stamps used ROS time under use_sim_time; a paused /clock froze gossip and broke dedup-by-stamp,"When use_sim_time=true ... ROS time pauses if /clock stops, so gossip publish/drain will also pause. / swap startup log + outgoing-stamp clock to STEADY_TIME so the dedup-by-stamp invariant survives /clock pauses",uncertain,Only matters when sim time pauses; peers would stop hearing each other.,common/ros_packages/coordination/coordination_bringup/coordination_bringup/gossip_node.py,+10/-13 (listed files only) (commit shared by multiple listed defects)
AirStack-core,castacks/AirStack,AirStack-core-019,2026-05-08,commit_msg,https://github.com/castacks/AirStack/commit/beba768362732603af0df8bde0b585415798cedb,beba768362732603af0df8bde0b585415798cedb,remap_topic,medium,unknown,low,[stack] domain_bridge forwarded mavros/global_position/raw/fix while the dds_router and GCS consumed global_position/global; GCS saw no robot GPS in that path,autonomy_bringup domain_bridge: bridge /global_position/global to match the dds_router and the rest of the stack (was /raw/fix),uncertain,GCS-side visibility only; onboard autonomy unaffected.,robot/ros_ws/src/autonomy_bringup/onboard_all/config/domain_bridge.yaml,+1/-1 (listed files only)
AirStack-core,castacks/AirStack,AirStack-core-020,2026-05-08,pr_thread,https://github.com/castacks/AirStack/pull/350#discussion_r3193069369,efad6190562d77ec24c4fbd98fde65f073e9dd37,logic,medium,unknown,high,[stack] found in PR review: random_walk check_if_collided read search_bounds_xy_ without the planner mutex while the action thread mutates it; data race,"check_if_collided() calls point_in_search_bounds() without holding the planner mutex, but search_bounds_xy_ can be mutated concurrently ... This creates a data race (and potential crash)",uncertain,Race between exploration action and planner threads; crash probability unknown.,robot/ros_ws/src/global/planners/random_walk/src/random_walk_logic.cpp,+1/-1 (listed files only) (commit shared by multiple listed defects)
AirStack-core,castacks/AirStack,AirStack-core-021,2026-05-08,pr_thread,https://github.com/castacks/AirStack/pull/350#discussion_r3193069396,efad6190562d77ec24c4fbd98fde65f073e9dd37,parameter,medium,unknown,high,"[stack] found in PR review: robot_state_publisher fallback resolved URDFs under autonomy_bringup/urdf, a directory that does not exist; default bare filename could not resolve","The fallback URDF lookup uses FindPackageShare('autonomy_bringup')/urdf, but autonomy_bringup has no urdf/ directory in this repo.",no,Launch fails at start when the fallback is taken.,common/ros_packages/robot_descriptions/launch/robot_state_publisher.launch.py,+4/-4 (listed files only) (commit shared by multiple listed defects)
AirStack-core,castacks/AirStack,AirStack-core-022,2026-05-08,pr_thread,https://github.com/castacks/AirStack/pull/350#discussion_r3210757250,fba3078e196460943d4f94766c0bedeb12696e03,logic,medium,unknown,high,[stack] found in PR review: render_layout rewrote the Foxglove template in place on every GCS start and stripped only one _r<n> suffix; panel ids stacked,"render_layout: regex now strips every trailing _r<n> (was: only the last one), fixes _r1_r1_r1... stacking on repeated runs",no,Operator layout drift only.,gcs/foxglove_extensions/render_layout.py,+14/-11 (listed files only)
AirStack-core,castacks/AirStack,AirStack-core-023,2026-05-14,commit_msg,https://github.com/castacks/AirStack/commit/be71915d5cf4f84585b5eb3c423d9af8d78bc8d3,be71915d5cf4f84585b5eb3c423d9af8d78bc8d3,build,medium,bench_hardware,low,"[stack] robot-l4t image did not build/boot on Jetson Jazzy: dustynv venv Python paths, stale ROS keyring, OpenCV overlay conflicts, parallel build race on stack-base","deployment to jetson with ros2 jazzy now fixed / Compose v2+ may schedule service builds in parallel, so BUILD FROM that tag can race before stack-base finishes",no,Build/deploy-time failure.,.agents/skills/docker-build-profiles/SKILL.md; .env; airstack.sh; robot/docker/Dockerfile.l4t-stack-base; robot/docker/Dockerfile.robot; robot/docker/docker-compose.yaml; (+1 more),+122/-13
AirStack-core,castacks/AirStack,AirStack-core-024,2026-05-15,commit_msg,https://github.com/castacks/AirStack/commit/a26cb2541ffcd84e4411c35f7a69a121b6dd1f34,a26cb2541ffcd84e4411c35f7a69a121b6dd1f34,other,medium,unknown,low,"[stack] imported USD stages carried a baked-in PhysicsScene beside Isaac's auto-created one; PhysX warned 'Physics scenes stepping is not the same', sensors desynced","PhysX can only step a single scene coherently, so duplicates trigger ""Physics scenes stepping is not the same"" and desynced sensors.",uncertain,Sim-only physics desync; affects any scene-import run until deduped.,simulation/isaac-sim/utils/scene_prep.py,+131/-34 (listed files only)
AirStack-core,castacks/AirStack,AirStack-core-025,2026-05-19,commit_msg,https://github.com/castacks/AirStack/commit/ab2daec37368e99dd52a6691ee3ce6ab16cc36df,a26cb2541ffcd84e4411c35f7a69a121b6dd1f34,logic,medium,unknown,low,"[stack] gossip node iterated cfg.get('payload_topics', []) which returned None for a present-but-empty key; node crashed on an empty payload config","bug in gossip if payload is empty / -        for entry in cfg.get(""payload_topics"", []): +        for entry in cfg.get(""payload_topics"") or []:",uncertain,Crash at coordination-node startup for one config shape.,common/ros_packages/coordination/coordination_bringup/coordination_bringup/gossip_node.py (PR commit ab2daec373; commit_sha is the squash merge),+1/-1
AirStack-core,castacks/AirStack,AirStack-core-026,2026-05-19,commit_msg,https://github.com/castacks/AirStack/commit/053bce0cf25e2ff226210145ac9b8a80dc6b44b5,a26cb2541ffcd84e4411c35f7a69a121b6dd1f34,remap_topic,high,unknown,low,[stack] Foxglove GCS layout subscribed the depth panel to a truncated topic name 'depth_ground_'; panel showed nothing,"-        ""imageTopic"": ""/robot_1/sensors/front_stereo/right/depth_ground_"", +        ""imageTopic"": ""/robot_1/sensors/front_stereo/right/depth_ground_truth""",no,Operator display only.,gcs/foxglove_extensions/airstack_default.json (PR commit 053bce0cf2; commit_sha is the squash merge),+1/-1
AirStack-core,castacks/AirStack,AirStack-core-027,2026-05-19,commit_msg,https://github.com/castacks/AirStack/commit/8668e3f806bcb432f5619c090b4c94865b053f39,a26cb2541ffcd84e4411c35f7a69a121b6dd1f34,parameter,medium,unknown,low,[stack] 'airstack config nucleus' substituted a PASTE-YOUR-API-TOKEN placeholder that the CI guest-default template no longer contained; omni_pass.env never received the token,fixed omni_pass.env file creation bug from CICD guest default profile,no,Setup-time credential file; Isaac fails to authenticate at launch.,.airstack/modules/config.sh (PR commit 8668e3f806; commit_sha is the squash merge),+3/-1
AirStack-core,castacks/AirStack,AirStack-core-028,2026-05-20,commit_msg,https://github.com/castacks/AirStack/commit/08040b72e7bed45c137dc410582b554e2efeca5b,08040b72e7bed45c137dc410582b554e2efeca5b,build,high,unknown,low,[stack] libNatNet.so installed without exec bit and no LD_LIBRARY_PATH hook; launch looked for the node at the wrong install path; node could not launch,Use PROGRAMS (not FILES) to preserve the execute bit — shared libraries must be executable for the dynamic linker to map them / node_path = Path(pkg_share).parent.parent / 'lib' / 'natnet_ros2',no,Fails at node launch.,robot/docker/docker-compose.yaml; robot/ros_ws/src/perception/natnet_ros2/CMakeLists.txt; robot/ros_ws/src/perception/natnet_ros2/env-hooks/natnet_library_path.dsv.in; robot/ros_ws/src/perception/natnet_ros2/launch/natnet_ros2.launch.py,+24/-18
AirStack-core,castacks/AirStack,AirStack-core-029,2026-05-20,commit_msg,https://github.com/castacks/AirStack/commit/26119bc1fb9be7b7170c2964580bfd9a517f8f11,26119bc1fb9be7b7170c2964580bfd9a517f8f11,build,high,unknown,low,"[stack] natnet client adapter referenced ErrorCode_Timeout, absent from NatNet SDK 4.4; compile error",ErrorCode_Timeout was added in NatNet SDK >= 4.5 and is absent in 4.4,no,Compile-time failure.,robot/ros_ws/src/perception/natnet_ros2/src/natnet_client_adapter.cpp,+2/-1
AirStack-core,castacks/AirStack,AirStack-core-030,2026-05-20,ci_run,https://github.com/castacks/AirStack/actions/runs/26189385268,5377171fd9f4a791fe8cd7cb3a67f4fcc79a5941,build,low,ci_premerge,medium,[harness] unit-tests.yml ran ROS-dependent unit tests on a hosted runner without ROS (exit 2); workflow removed and tests moved under system-tests,Unit Tests (pytest -m unit) ... Process completed with exit code 2. / fix: change unit tests to occur with system tests so that environment is built,no,Test-infrastructure environment mismatch; no runtime behavior involved.,.agents/skills/add-unit-tests/SKILL.md; .agents/skills/run-system-tests/SKILL.md; .github/workflows/unit-tests.yml; AGENTS.md; docs/development/intermediate/testing/index.md; docs/development/intermediate/testing/unit_testing.md; (+1 more),+38/-78
AirStack-core,castacks/AirStack,AirStack-core-031,2026-05-26,pr_thread,https://github.com/castacks/AirStack/pull/359#discussion_r3282097018,8b927e465c164039fd00c1b9525bb6e7e36629d1,logic,medium,unknown,high,"[stack] found in PR review: NatNet frame callback dispatched via a thread_local pointer set on the main thread; null on the receive thread, frames dropped","NatNet frame callbacks are typically invoked on an SDK/network receive thread, so the `thread_local` value set in the main thread will be null in the callback thread and frames will be dropped.",uncertain,Would surface as no mocap poses once a real server streamed frames.,robot/ros_ws/src/perception/natnet_ros2/src/natnet_client_adapter.cpp (PR commit 6a2d393ca4 'Use NatNet callback context instead of thread-local dispatch'; commit_sha is the squash merge),+8/-12 (PR commit 6a2d393ca4)
AirStack-core,castacks/AirStack,AirStack-core-032,2026-06-03,pr_thread,https://github.com/castacks/AirStack/pull/365#discussion_r3514285551,cb9c96cc1df3d3f42c889535d32adec05e8b160c,logic,high,sim_interactive,medium,[stack] trajectory_controller: when sphere intersection failed the tracking point collapsed onto the robot and the drone stalled mid-Circle; merged trajectory lacked regenerated waypoint times,an artifact of me trying to fix why the drone was stalling during simulation / Keep the tracking point ahead when sphere intersection fails so the controller does not collapse onto the robot projection and stall.,yes,A mid-trajectory stall with no recovery aborts any autonomous flight and only manifests while tracking a trajectory.,robot/ros_ws/src/local/controls/trajectory_controller/src/trajectory_controller.cpp; robot/ros_ws/src/local/planners/trajectory_library/src/trajectory_library.cpp,+28/-13 (listed files only)
AirStack-core,castacks/AirStack,AirStack-core-033,2026-07-03,commit_msg,https://github.com/castacks/AirStack/commit/6279bea8bea7d3c5e4ea26fb9dde70eda58ff4a5,a43467b7b921a2c9b537f5149a4c2efa2156ae7c,timing_clock,medium,unknown,low,[stack] Pegasus stereo render-product node initialized before the right camera existed; camera_info was not initialized as stereo (submodule fix + perception launch),"re-ordered initialization of stereo render product node to only initialize after right camera is initialized, ensuring camera is initialized as stereo",uncertain,Stereo pipeline silently degraded in sim; would surface as missing disparity.,robot/ros_ws/src/perception/perception_bringup/launch/perception.launch.xml; simulation/isaac-sim/extensions/PegasusSimulator,+3/-1
AirStack-core,castacks/AirStack,AirStack-core-034,2026-07-09,commit_msg,https://github.com/castacks/AirStack/commit/3cb079ab80ca5ae40778332880bd4ad0a764095d,3cb079ab80ca5ae40778332880bd4ad0a764095d,logic,medium,unknown,low,[harness] run_summary.py keyed metrics.json by pytest nodeid (slashes) but results.xml by JUnit dotted classnames; per-test summary joined nothing,Fixed the summary.txt file after it broke ... Unify metrics.json path slashes with JUnit classname dots,no,Reporting script only.,tests/run_summary.py,+61/-23 (listed files only)
AirStack-core,castacks/AirStack,AirStack-core-035,2026-07-17,commit_msg,https://github.com/castacks/AirStack/commit/2d71bf29a7906e88ef9a590f6b0c2f7da470a3a1,2d71bf29a7906e88ef9a590f6b0c2f7da470a3a1,build,high,unknown,low,[stack] Dockerfile.robot hardcoded /opt/ros/jazzy/lib/x86_64-linux-gnu in LD_LIBRARY_PATH; aarch64 (Jetson) images resolved no ROS libraries,-ENV LD_LIBRARY_PATH=/opt/ros/${ROS_DISTRO}/lib/x86_64-linux-gnu:... +ENV LD_LIBRARY_PATH=/opt/ros/${ROS_DISTRO}/lib/${TARGET_ARCH}-linux-gnu:...,no,Container-start failure on the target architecture.,robot/docker/Dockerfile.robot,+6/-2 (listed files only) (commit shared by multiple listed defects)
AirStack-core,castacks/AirStack,AirStack-core-036,2026-07-17,commit_msg,https://github.com/castacks/AirStack/commit/2d71bf29a7906e88ef9a590f6b0c2f7da470a3a1,2d71bf29a7906e88ef9a590f6b0c2f7da470a3a1,parameter,high,unknown,low,"[stack] robot .bashrc always re-derived ROBOT_NAME from the container name, overriding a ROBOT_NAME injected by compose for single real robots",Robot name resolution now honors a pre-set `ROBOT_NAME` (e.g. injected via docker compose) instead of always overriding it from the container/hostname mapping,uncertain,Wrong namespace on a real robot would break every topic remap at bring-up.,robot/docker/.bashrc,+30/-26 (listed files only) (commit shared by multiple listed defects)
AirStack-core,castacks/AirStack,AirStack-core-037,2026-07-21,pr_thread,https://github.com/castacks/AirStack/pull/371#issuecomment-5040222329,aa1e9acfb0febcf6c69987f0b66a302f93c44689,build,high,bench_hardware,medium,[stack] Jetson image: dustynv /ros_entrypoint.sh prepended prebuilt fastcdr 2.2.5 over apt Jazzy 2.2.7; mavros crashed with symbol-lookup errors under autolaunch,"Two real-hardware build fixes for the Jetson profile ... shadowing the apt Jazzy (2.2.7) that Dockerfile.robot layers on, crashing apt-built nodes like mavros with symbol-lookup errors / Successfully built and ran on real jetson hardware.",no,"Manifests at every container start on the Jetson, so it is caught at bench bring-up.",robot/docker/Dockerfile.l4t-stack-base,+4/-0 (listed files only) (commit shared by multiple listed defects)
AirStack-core,castacks/AirStack,AirStack-core-038,2026-07-21,pr_thread,https://github.com/castacks/AirStack/pull/371#issuecomment-5040222329,aa1e9acfb0febcf6c69987f0b66a302f93c44689,build,medium,bench_hardware,low,[stack] ZED l4t image pinned SDK 4.2 with mismatched zed_msgs and point_cloud_transport versions; Jetson build failed until moved to the 5.2 dependency set,zed/Dockerfile.zed-l4t: bump ZED SDK 4.2 -> 5.2 and move the coupled ROS deps together,no,Image build failure only.,robot/docker/zed/Dockerfile.zed-l4t,+6/-4 (listed files only) (commit shared by multiple listed defects)
AirStack-core,castacks/AirStack,AirStack-core-039,2026-07-23,commit_msg,https://github.com/castacks/AirStack/commit/cc833a300b78fbb8b6cc78549312a1a29335cfbc,cc833a300b78fbb8b6cc78549312a1a29335cfbc,build,high,unknown,low,"[stack] isaac-sim image: bundled libcrypto on LD_LIBRARY_PATH shadowed the system one; updated ca-certificates postinst failed, aborting the PX4 setup layer","Its older libcrypto.so.3 shadows the system one, so when the updated ca-certificates ... runs its postinst `openssl`, it fails with `version 'OPENSSL_3.0.9' not found`, aborting the apt transaction and failing the isaac-sim image build",no,Image build failure only.,simulation/isaac-sim/docker/Dockerfile.isaac-ros,+3/-1
AirStack-core,castacks/AirStack,AirStack-core-040,2026-07-31,commit_msg,https://github.com/castacks/AirStack/commit/56814b3424aa67a31668baa02971d4d0eed99c2f,56814b3424aa67a31668baa02971d4d0eed99c2f,parameter,high,unknown,low,[stack] NATNET_SERVER_IP resolved via $(env) but no compose service declared it; NatNet client always fell back to a hardcoded 192.168.123.199 and could never connect,docker compose only injects variables named in a service's `environment:` block and no service declared it ... The client therefore always fell back to its hardcoded default (192.168.123.199),uncertain,Client silently connects nowhere; mocap-only flights would never get a pose.,robot/docker/robot-base-docker-compose.yaml,+10/-0 (listed files only) (commit shared by multiple listed defects)
AirStack-core,castacks/AirStack,AirStack-core-041,2026-07-31,commit_msg,https://github.com/castacks/AirStack/commit/56814b3424aa67a31668baa02971d4d0eed99c2f,56814b3424aa67a31668baa02971d4d0eed99c2f,parameter,high,unknown,low,"[stack] natnet profile pinned body 'Hummingbird' id 1146 while the emulator streams 'Drone' id 1; client filters by numeric id, connected but never published",a mismatch yields a connected client that silently never publishes,uncertain,Silent no-publish; would surface as no state estimate when mocap is the only source.,robot/ros_ws/src/perception/natnet_ros2/config/natnet_config.yaml; robot/ros_ws/src/perception/natnet_ros2/launch/natnet_ros2.launch.py,+14/-6 (listed files only) (commit shared by multiple listed defects)
AirStack-core,castacks/AirStack,AirStack-core-042,2026-07-31,commit_msg,https://github.com/castacks/AirStack/commit/56814b3424aa67a31668baa02971d4d0eed99c2f,56814b3424aa67a31668baa02971d4d0eed99c2f,parameter,high,unknown,low,[stack] EKF2_EVP_NOISE 0.01 set a 5 cm innovation gate that rejected legitimate mocap updates; PX4 refused to arm; retuned to the deployment-validated 0.05,0.01 gave a 5 cm gate that rejected legitimate mocap updates and refused to arm,uncertain,Arming refusal at takeoff; found before flight but only with the full EV chain running.,robot/ros_ws/src/perception/natnet_ros2/config/px4_params.yaml,+33/-5 (listed files only) (commit shared by multiple listed defects)
AirStack-core,castacks/AirStack,AirStack-core-043,2026-07-31,commit_msg,https://github.com/castacks/AirStack/commit/80d5f2f51eed066fced0875c4e609fc17e09f414,6a808bf8c2853f54fba0899af84233067e971343,build,high,sim_interactive,low,"[stack] NatNet emulator not importable inside Isaac (ModuleNotFoundError 'optitrack'); --ext-folder registration alone was insufficient, needed an editable pip install (two attempts)",The natnet launch scripts died with ModuleNotFoundError: No module named 'optitrack'. Pointing Kit's --ext-folder at the repo extensions dir was not enough,no,Fails at simulator launch.,simulation/isaac-sim/docker/docker-compose.yaml,+6/-2 (listed files only)
AirStack-core,castacks/AirStack,AirStack-core-044,2026-07-31,ci_run,https://github.com/castacks/AirStack/actions/runs/30657350644,f56810dca581bf16b6fb272979139d9342cb86c8,build,high,ci_premerge,high,[harness] OSMO runner dockerd kept its data-root on the pod's overlayfs rootfs; every image build failed with overlay-mount EINVAL (build_docker and build_packages),"AssertionError: ms-airsim build failed (exit 1): #8 ERROR: mount source: ""overlay"", target: ""/var/lib/docker/buildkit/containerd-overlayfs/cachemounts/..."", err: invalid argument",no,"CI-runner storage configuration; blocks builds, not flights.",.github/orchestrator/README.md; .github/orchestrator/build-and-push.sh; .github/orchestrator/build-runner-on-osmo.yaml; .github/orchestrator/config.example.yaml; .github/orchestrator/runner-entrypoint.sh; .github/orchestrator/runner.Dockerfile; (+1 more),+210/-11
AirStack-core,castacks/AirStack,AirStack-core-045,2026-08-04,commit_msg,https://github.com/castacks/AirStack/commit/38be4ba09b497425e9e1427de7db2aad8696dc8d,234587aa05b1011d5f20bf8c0a2857433eedf3fc,parameter,medium,unknown,low,[stack] RECORD_BAGS env var was not passed through to the bag-recorder launch; enabling bag recording had no effect,make RECORD_BAGS actually reach the bag recorder,uncertain,"Silent loss of flight logs, noticed only after a session.",common/ros_packages/logging/logging_bringup/launch/logging.launch.xml; robot/docker/robot-base-docker-compose.yaml (PR commit 38be4ba09b; commit_sha is the squash merge),+7/-4
AirStack-core,castacks/AirStack,AirStack-core-046,2026-08-04,commit_msg,https://github.com/castacks/AirStack/commit/e41e30dcf3ce9b59feb06fc8b627e87e6fe4ef27,55d9b887d983c4837e350b1102543897f307c4cf,tf_frame,high,sim_interactive,high,[harness] waypoint test published nav_msgs/Path with an empty frame_id; droan_gl crashed with an uncaught tf2::InvalidArgumentException in its plan transform,Fixes found by flying: - Path header frame: an empty frame_id crashed droan_gl (uncaught tf2::InvalidArgumentException in its plan TF transform),uncertain,"The crash is in the local planner; a frame-less Path from any client would kill it in flight, but the fix landed only in the test client.",tests/system/test_waypoint_flight.py; tests/waypoint_checker.py; tests/conftest.py; tests/README.md (PR commit e41e30dcf3; commit_sha is the squash merge),"+152/-38 (PR commit e41e30dcf3, whole commit; also retunes tolerances)"
AirStack-core,castacks/AirStack,AirStack-core-047,2026-08-05,commit_msg,https://github.com/castacks/AirStack/commit/cec4be2362644fd7bf8a016bb2b681d653ddd831,234587aa05b1011d5f20bf8c0a2857433eedf3fc,remap_topic,high,unknown,low,"[stack] bag-recording status topic bridged gcs->robot, the same direction as the command it answers; status never reached the GCS, Recording label stayed blank","It was bridged gcs -> robot, the same direction as the command it answers, so status never reached the GCS and the rqt Recording: label stayed blank.",no,Operator indicator only.,robot/ros_ws/src/autonomy_bringup/onboard_all/config/domain_bridge.yaml (PR commit cec4be2362; commit_sha is the squash merge),+2/-2
AirStack-core,castacks/AirStack,AirStack-core-048,2026-08-05,commit_msg,https://github.com/castacks/AirStack/commit/a9ab6774a7e857bb16d28c17e312baaf0fc04562,234587aa05b1011d5f20bf8c0a2857433eedf3fc,other,high,unknown,low,"[stack] ros2 bag renamed --exclude to --exclude-regex; old flag became an ambiguous prefix, argparse rejected the command and bag sections using exclude recorded nothing","ros2 bag record renamed --exclude to --exclude-regex, and the old name is now an ambiguous prefix of four options, so argparse rejected the command and any section using exclude: recorded nothing.",uncertain,Silent data loss: the main bag section recorded nothing until inspected.,common/ros_packages/logging/bag_recorder_pid/bag_record_pid/bag_record_node.py (PR commit a9ab6774a7; commit_sha is the squash merge),+4/-3
AirStack-core,castacks/AirStack,AirStack-core-049,2026-08-07,ci_run,https://github.com/castacks/AirStack/actions/runs/31219923715,b093327b69f70c07d84085802daa3a11ecbbb58f,logic,high,ci_premerge,high,[harness] docker_image_plan.py fed NUM_ROBOTS with its trailing inline comment into compose config; deploy.replicas strconv.Atoi failed (docker-build workflow),"error while interpolating services.robot-desktop.deploy.replicas: failed to cast to expected type: strconv.Atoi: parsing ""1\""  # Number of robot containers to launch."": invalid syntax",no,Publishing-workflow script bug; no runtime component involved.,.github/workflows/scripts/docker_image_plan.py,+18/-2
AirStack-core,castacks/AirStack,AirStack-core-050,2026-08-07,ci_run,https://github.com/castacks/AirStack/actions/runs/31210711111,d18efe976263f172cf03b312fbd7c86d541207d9,build,high,ci_premerge,high,[stack] isaac-sim Dockerfile PX4 ubuntu.sh step: dpkg configure of ca-certificates/software-properties-common failed on the NVIDIA base; image unbuildable (test_build_isaac_sim),AssertionError: isaac-sim build failed (exit 100): dpkg: error processing package python3-software-properties (--configure),no,Image build failure; surfaces before the simulator can start.,.env; CHANGELOG.md; robot/docker/Dockerfile.robot; simulation/isaac-sim/docker/Dockerfile.isaac-ros; tests/colcon_unit_test_packages.yaml,+29/-5
AirStack-core,castacks/AirStack,AirStack-core-051,2026-08-11,ci_run,https://github.com/castacks/AirStack/actions/runs/31531882550,81f79105fd8da88446d1c8899d7a737df3d8e040,logic,high,ci_premerge,high,"[harness] colcon --pytest-args passed through nested bash quoting; pytest read '-p no:launch_testing' as an -m expression or path, failing test_colcon_test_robot (three fix attempts)","AssertionError: colcon test failed (packages: natnet_ros2, lidar_point_cloud_filter) / A single quoted blob made pytest treat ""-p no:launch_testing"" as part of the -m expression",no,Test-harness argument plumbing; no runtime behavior involved.,tests/colcon_unit_test_packages.yaml; tests/conftest.py,+8/-2
AirStack-core,castacks/AirStack,AirStack-core-052,2026-08-12,commit_msg,https://github.com/castacks/AirStack/commit/1c41f8c029a6b579fa3910e8c69c0dcc02e78c22,1c41f8c029a6b579fa3910e8c69c0dcc02e78c22,logic,high,unknown,low,"[harness] test_px4_fuses_vision only waited for local_position/pose, which publishes from GPS; the vision-fusion test passed with vision disabled","test_px4_fuses_vision claimed to prove EKF2 fused the external vision but only waited for local_position/pose, which publishes off GPS regardless — it passed with vision disabled",no,Test proved nothing; the underlying stack was separately fixed (EKF2_EV_CTRL row).,tests/system/test_optitrack_e2e.py (PR commit 5e9bf19a28 'fly a circle on mocap fusion instead of asserting a topic exists'; commit_sha is the squash merge),n/a (fix commit not in local clone; landed inside squash 1c41f8c0)
AirStack-core,castacks/AirStack,AirStack-core-053,2026-08-12,ci_run,https://github.com/castacks/AirStack/actions/runs/31648899927,40f526f21d068082c45367f5e13a17b21cc4dae2,parameter,high,ci_premerge,high,[harness] '-m not linter' passed via PYTEST_ADDOPTS never reached ament's pytest runner; copyright/flake8/pep257 linters ran and failed colcon test,"PYTEST_ADDOPTS -m not linter never reached ament pytest, so copyright / flake8 / pep257 still ran after the unit tests passed",no,Harness-only defect.,robot/ros_ws/src/sensors/lidar_point_cloud_filter/setup.cfg; robot/ros_ws/src/sensors/lidar_point_cloud_filter/test/conftest.py; tests/colcon_unit_test_packages.yaml; tests/system/test_build_packages.py,+24/-10
AirStack-core,castacks/AirStack,AirStack-core-054,2026-08-12,ci_run,https://github.com/castacks/AirStack/actions/runs/31640024989,865eb0de957bf783131a6f1f90bbe5ac58a831e9,build,high,ci_premerge,high,[stack] robot image pip pulled pytest>=8 over apt pytest 7.4; launch_testing's removed path= hook aborted every in-container pytest (colcon test); pinned and plugin autoload disabled,Argument(s) {'path'} are declared in the hookimpl but can not be found in the hookspec,no,Breaks colcon test inside the image; does not affect flight nodes.,tests/colcon_unit_test_packages.yaml; tests/system/test_build_packages.py,+11/-10
AirStack-core,castacks/AirStack,AirStack-core-055,2026-08-12,ci_run,https://github.com/castacks/AirStack/actions/runs/31627002357,8acd7a515282aaeaadc6572be4514e11ec531bb7,logic,high,ci_premerge,high,[harness] conftest helper named pytest_addopts_env was auto-registered as a pytest hook; PluginValidationError aborted the whole run with exit code 3,Process completed with exit code 3. / conftest functions named pytest_* are registered as hooks. pytest_addopts_env caused PluginValidationError and exit code 3.,no,Harness-only defect.,tests/conftest.py; tests/system/test_build_packages.py,+10/-5
AirStack-core,castacks/AirStack,AirStack-core-056,2026-08-12,commit_msg,https://github.com/castacks/AirStack/commit/fe3fc72e8a72ef050f9d8ec2f5809d5517d7253c,fe3fc72e8a72ef050f9d8ec2f5809d5517d7253c,parameter,high,unknown,low,"[stack] isaac compose set no PX4 params, so EKF2_EV_CTRL stayed 0; PX4 discarded the mocap stream and flew on sim GPS while the emulator streamed","EKF2_EV_CTRL defaults to 0, and the isaac compose set no PX4 params at all, so PX4 discarded the vision entirely and flew on sim GPS. The emulator could stream perfectly and change nothing.",uncertain,Vehicle flies on the wrong estimator without any error.,simulation/isaac-sim/docker/docker-compose.yaml,+42/-0 (listed files only)
AirStack-core,castacks/AirStack,AirStack-core-057,2026-08-13,commit_msg,https://github.com/castacks/AirStack/commit/2a5d89bdb1b4d9a5683492aabd13e270bc9e38fc,2a5d89bdb1b4d9a5683492aabd13e270bc9e38fc,build,high,unknown,low,[stack] mavros geoid dataset installer swallowed download failures; image could ship without egm96-5 and mavros_node threw std::invalid_argument at startup,"mavros' install_geographiclib_datasets.sh sends the downloader's output to /dev/null and, on failure, prints ""Error while installing"" and returns without a non-zero exit, so the RUN layer succeeded regardless.",no,mavros dies at container start; caught at bring-up.,robot/docker/Dockerfile.robot,+9/-1 (listed files only)
AirStack-core,castacks/AirStack,AirStack-core-058,2026-08-14,commit_msg,https://github.com/castacks/AirStack/commit/de383c78703dc8e9e2f48db3002392ff8ddbfd6c,de383c78703dc8e9e2f48db3002392ff8ddbfd6c,logic,high,unknown,low,[stack] validate_connection_type silently fell back to unicast for any unknown value; a typo produced a client on the wrong transport that never received a frame,"""mutlicast"" or ""Unicast"" produced a client that connected on the wrong transport and then never received a frame — with only a warning to show for it",uncertain,Silent misconfiguration; surfaces as no mocap poses.,robot/ros_ws/src/perception/natnet_ros2/include/natnet_ros2/natnet_logic.hpp; robot/ros_ws/src/perception/natnet_ros2/src/natnet_ros2_node.cpp,+24/-18 (listed files only)
AirStack-core,castacks/AirStack,AirStack-core-059,2026-08-15,commit_msg,https://github.com/castacks/AirStack/commit/19402c2223812c9f454c1ffe0dd2d854b48d3e93,19402c2223812c9f454c1ffe0dd2d854b48d3e93,other,medium,unknown,low,[harness] emulator unit tests imported helpers only via a sys.path side effect of another test module; narrowing the run to -m unit broke collection,Narrowing the run (-m unit --ignore=integration) dropped that side effect and broke collection.,no,Test collection only.,tests/conftest.py,+14/-0 (listed files only)
AirStack-core,castacks/AirStack,AirStack-core-060,2026-08-15,commit_msg,https://github.com/castacks/AirStack/commit/ddd28996cfee3617b15ea9fa99428d67f211ec99,ddd28996cfee3617b15ea9fa99428d67f211ec99,logic,high,unknown,low,"[stack] NatNet emulator sMarker.pack used '<i5fhf' for four floats; every labeled-marker pack raised struct.error (latent, no caller yet)","sMarker.pack used '<i5fhf', which expects five floats between ID and params but is only given four (x, y, z, size), so every call raised struct.error.",no,Latent path no caller exercised.,simulation/isaac-sim/extensions/optitrack.natnet.emulator/optitrack/natnet/emulator/server/natnet_data_types.py,+1/-1 (listed files only)
AirStack-core,castacks/AirStack,AirStack-core-061,2026-08-16,commit_msg,https://github.com/castacks/AirStack/commit/8bb38ba059f074df495228204109830d624b7f33,8bb38ba059f074df495228204109830d624b7f33,timing_clock,high,sim_interactive,low,[harness] optitrack e2e armed on local_position/pose before EKF2 converged; takeoff returned 'failed to arm' with GPS/baro/range aiding off,"/pose fires earlier, and the takeoff dispatched in that window returned ""failed to arm""",uncertain,"Arming rejection at takeoff; an operator would retry, a scripted mission might abort.",tests/system/test_optitrack_e2e.py,+54/-8
AirStack-core,castacks/AirStack,AirStack-core-062,2026-08-17,ci_run,https://github.com/castacks/AirStack/actions/runs/32073548050,4a78ea28cf52e64664e87bc1b1a4369a1bd7e403,logic,high,ci_premerge,high,"[harness] pytest tests/ on the host also collected ROS-package, ament-lint and MAC-VO submodule test files; 55 collection errors (rclpy/torch missing), exit 2",collecting ... collected 252 items / 55 errors ... ModuleNotFoundError: No module named 'rclpy',no,Harness collection scope; no runtime behavior involved.,.agents/skills/add-unit-tests/SKILL.md; .agents/skills/bump-version-and-release/SKILL.md; .agents/skills/run-system-tests/SKILL.md; .github/workflows/system-tests.yml; .github/workflows/unit-tests.yml; AGENTS.md; (+15 more),+1118/-178
AirStack-core,castacks/AirStack,AirStack-core-063,2026-08-17,commit_msg,https://github.com/castacks/AirStack/commit/a615a2466e95133e85998c2f1c5b7c6a28fd6de0,a615a2466e95133e85998c2f1c5b7c6a28fd6de0,logic,high,unknown,low,[harness] conftest injection guard treated 'pytest tests/' as a narrowed run; co-located Python unit tests were never collected in CI (97 of 252 items),CI's `pytest tests/` collected 97 of 252 items and the Python unit tests ran nowhere,no,Harness collection scope only.,.agents/skills/add-unit-tests/SKILL.md; .agents/skills/run-system-tests/SKILL.md; CHANGELOG.md; docs/development/intermediate/testing/index.md; docs/development/intermediate/testing/unit_testing.md; tests/conftest.py; (+3 more),+190/-58
AirStack-core,castacks/AirStack,AirStack-core-064,2026-08-20,commit_msg,https://github.com/castacks/AirStack/commit/05db6c5f9e6176499601244f55fe36ddbe1f278c,05db6c5f9e6176499601244f55fe36ddbe1f278c,timing_clock,high,unknown,low,[stack] effective-config run directory keyed by wall-clock seconds; back-to-back dry-runs collided in one dir and made a contract test flaky,"Back-to-back 'airstack up --dry-run' calls within one second landed in the same .airstack/runs/<ts>/ dir, making test_effective_config_dump_written flaky.",no,CLI bookkeeping only.,airstack.sh,+2/-1
AirStack-core,castacks/AirStack,AirStack-core-065,2026-08-20,commit_msg,https://github.com/castacks/AirStack/commit/19c4adc4e289686716c58533e1d208bc30ad1ab2,19c4adc4e289686716c58533e1d208bc30ad1ab2,remap_topic,medium,unknown,low,[stack] legacy local_macvo_obstacle_avoidance launch wired wrong local_-prefixed args and disparity topic and never enabled MACVO; the full_macvo stack file corrects the wiring,"full_macvo FIXES the broken local_macvo_obstacle_avoidance.launch.xml wiring in the stack file (correct local_-prefixed args, real perception/macvo/disparity topic, launch_macvo actually enabled)",uncertain,The MACVO variant never produced a working obstacle pipeline.,stacks/full_macvo/README.md; stacks/full_macvo/docker-compose.yaml; stacks/full_macvo/launch/stack.launch.xml; stacks/full_macvo/modules.repos,+167/-0 (listed files only)
AirStack-core,castacks/AirStack,AirStack-core-066,2026-08-20,commit_msg,https://github.com/castacks/AirStack/commit/643d0c3475371186153b88832108c4a4f8f2593f,643d0c3475371186153b88832108c4a4f8f2593f,parameter,medium,unknown,low,"[stack] fleet spawner gave single-robot fleets multi-style prim/node names, diverging from the validated single-drone script's /World/base_link and PX4Multirotor","Single-robot fleets must be byte-equivalent to the validated example_one script, including the historical single-drone prim and node names",uncertain,"Prim-name divergence breaks anything keyed on the historical names (sensor subgraphs, goldens).",simulation/isaac-sim/launch_scripts/fleet_spawn.py,+6/-0
AirStack-core,castacks/AirStack,AirStack-core-067,2026-08-20,commit_msg,https://github.com/castacks/AirStack/commit/6f436d879842abb28e1ca6faa3f6af2bc87abdec,6f436d879842abb28e1ca6faa3f6af2bc87abdec,parameter,medium,unknown,low,"[stack] generic launch-arg names (config_file, args, publish_rate) collided across includes in one launch tree; a module's include silently took another's values (bit asm_optitrack)","generic launch-config names killed (the global-collision class that bit asm_optitrack): interpolate_dds_router config_file/args -> dds_router_config_file/dds_router_args, gossip publish_rate -> gossip_publish_rate",uncertain,Wrong config file loaded silently by an included launch.,common/ros_packages/coordination/coordination_bringup/launch/gossip.launch.xml; robot/ros_ws/src/autonomy_bringup/launch/interpolate_dds_router.launch.py; robot/ros_ws/src/autonomy_bringup/launch/interpolate_domain_bridge.launch.py,+109/-24 (listed files only)
AirStack-core,castacks/AirStack,AirStack-core-068,2026-08-20,commit_msg,https://github.com/castacks/AirStack/commit/87a22f4b545660538ebcb7716b9bff4b1122cdce,87a22f4b545660538ebcb7716b9bff4b1122cdce,parameter,medium,unknown,low,[stack] ISAAC_SIM_HEADLESS was honored only by the multi-drone Isaac launch scripts; single-drone scripts ignored it,ISAAC_SIM_HEADLESS was honored only by the *_multi_* scripts,no,Sim launch option only.,simulation/isaac-sim/launch_scripts/barebones_pegasus_launch.py; simulation/isaac-sim/launch_scripts/example_multi_drone_scene_import.py; simulation/isaac-sim/launch_scripts/example_multi_px4_pegasus_launch_script.py; simulation/isaac-sim/launch_scripts/example_multi_px4_pegasus_natnet_launch_script.py; simulation/isaac-sim/launch_scripts/example_one_px4_pegasus_launch_script.py; simulation/isaac-sim/launch_scripts/example_one_px4_pegasus_natnet_launch_script.py; (+1 more),+616/-1054 (commit shared by multiple listed defects)
AirStack-core,castacks/AirStack,AirStack-core-069,2026-08-20,commit_msg,https://github.com/castacks/AirStack/commit/87a22f4b545660538ebcb7716b9bff4b1122cdce,87a22f4b545660538ebcb7716b9bff4b1122cdce,other,medium,unknown,low,[stack] livestream support existed only in the single-drone Isaac scripts; the isaac-sim-livestream service silently black-screened with multi-drone scripts,livestream existed only in the *_one_* scripts (so the isaac-sim-livestream service silently black-screened with multi scripts),no,Remote-viewing feature only.,simulation/isaac-sim/launch_scripts/barebones_pegasus_launch.py; simulation/isaac-sim/launch_scripts/example_multi_drone_scene_import.py; simulation/isaac-sim/launch_scripts/example_multi_px4_pegasus_launch_script.py; simulation/isaac-sim/launch_scripts/example_multi_px4_pegasus_natnet_launch_script.py; simulation/isaac-sim/launch_scripts/example_one_px4_pegasus_launch_script.py; simulation/isaac-sim/launch_scripts/example_one_px4_pegasus_natnet_launch_script.py; (+1 more),+616/-1054 (commit shared by multiple listed defects)
AirStack-core,castacks/AirStack,AirStack-core-070,2026-08-20,commit_msg,https://github.com/castacks/AirStack/commit/87a22f4b545660538ebcb7716b9bff4b1122cdce,87a22f4b545660538ebcb7716b9bff4b1122cdce,logic,medium,unknown,low,"[stack] barebones_pegasus_launch.py, the documented launch-script template, crashed with NameError because os was never imported",barebones_pegasus_launch.py (the documented template) crashed with a NameError (os never imported),no,Template script fails at start.,simulation/isaac-sim/launch_scripts/barebones_pegasus_launch.py; simulation/isaac-sim/launch_scripts/example_multi_drone_scene_import.py; simulation/isaac-sim/launch_scripts/example_multi_px4_pegasus_launch_script.py; simulation/isaac-sim/launch_scripts/example_multi_px4_pegasus_natnet_launch_script.py; simulation/isaac-sim/launch_scripts/example_one_px4_pegasus_launch_script.py; simulation/isaac-sim/launch_scripts/example_one_px4_pegasus_natnet_launch_script.py; (+1 more),+616/-1054 (commit shared by multiple listed defects)
AirStack-core,castacks/AirStack,AirStack-core-071,2026-08-20,commit_msg,https://github.com/castacks/AirStack/commit/a9f56b0a10d002ece6490fd3249ac54dc1ac9af1,a9f56b0a10d002ece6490fd3249ac54dc1ac9af1,logic,medium,unknown,low,[stack] doctor --live discovered only compose-replica robot containers; fleet-generated robot services were missed (same pattern as ready.sh),discover fleet-generated robot services (same pattern fix as ready.sh); ground-host tenants excluded,no,Diagnostic tool only.,tools/doctor/checks.py,+39/-9
AirStack-core,castacks/AirStack,AirStack-core-072,2026-08-20,commit_msg,https://github.com/castacks/AirStack/commit/aa578de902220f1ec43c2dd18ace5d6b06904318,aa578de902220f1ec43c2dd18ace5d6b06904318,timing_clock,high,sim_interactive,low,[harness] landing phase timeout of 45 s against observed 45.1-45.2 s landings at 0.5 m/s produced coin-flip spurious landing failures,2026-08-20 runs show v=0.5 landings completing at 45.1-45.2s against a 45s send_goal cap: a coin flip producing spurious landing timeouts,no,Test timeout margin only.,tests/system/test_takeoff_hover_land.py,+9/-2
AirStack-core,castacks/AirStack,AirStack-core-073,2026-08-20,commit_msg,https://github.com/castacks/AirStack/commit/af9bb1919b91770561985f2964a094568bdca823,af9bb1919b91770561985f2964a094568bdca823,logic,medium,unknown,low,"[stack] airstack up preflight validated .env only, so 'up --env-file overrides/...' bypassed every guard; NUM_ROBOTS>1 with the single-drone script silently gave 3 containers, 1 drone",fixing the historical guard bypass where 'up --env-file overrides/...' was checked against .env only ... (previously a silent 3-containers-1-drone failure),uncertain,Silent misconfiguration at bring-up; a multi-robot sim session would start with missing vehicles.,airstack.sh,+301/-13 (listed files only)
AirStack-core,castacks/AirStack,AirStack-core-074,2026-08-20,commit_msg,https://github.com/castacks/AirStack/commit/b0541c15a67b5330d124b24eb4daf4d59ee00750,b0541c15a67b5330d124b24eb4daf4d59ee00750,other,high,unknown,low,[stack] module sync: a managed modules/<name> dir without .git (interrupted clone) made vcs import fail 'destination path already exists',A managed modules/<name> dir without .git (interrupted clone or partial remove) made vcs import fail with 'destination path already exists',no,Module-sync CLI only.,.airstack/modules/module.sh,+18/-0
AirStack-core,castacks/AirStack,AirStack-core-075,2026-08-20,commit_msg,https://github.com/castacks/AirStack/commit/b2364b96ca540f2af9f1cf376f2af7f7b781afb4,b2364b96ca540f2af9f1cf376f2af7f7b781afb4,logic,medium,unknown,low,[harness] wiring snapshot counted bare-DDS phantom participants in the graph and read provenance via a git binary the tests container lacks,exclude _CREATED_BY_BARE_DDS_APP_ phantom participants ... source-sha provenance falls back to reading .git/HEAD directly (tests container has no git binary),no,Observability tool only.,tests/system/test_wiring_snapshot.py; tests/wiring_snapshot.py,+33/-4 (listed files only)
AirStack-core,castacks/AirStack,AirStack-core-076,2026-08-20,commit_msg,https://github.com/castacks/AirStack/commit/b408ee7193b465b0793bdc972d929c2b72a9a765,b408ee7193b465b0793bdc972d929c2b72a9a765,timing_clock,high,sim_interactive,low,[harness] takeoff sent the instant px4_ready passed raced drone_safety_monitor's state-estimate watchdog after slow sim loads: 'Goal was rejected' / 'failed to arm',observed as 'Goal was rejected' and 'failed to arm' (three distinct race signatures on fleet runs; manual takeoff on the settled stack accepted fine),uncertain,Ordering race in the test client; a human operator waiting for the watchdog would not hit it.,tests/system/test_takeoff_hover_land.py,+26/-0
AirStack-core,castacks/AirStack,AirStack-core-077,2026-08-20,commit_msg,https://github.com/castacks/AirStack/commit/efb7c868607089c4168cf6463be3e0976216489e,efb7c868607089c4168cf6463be3e0976216489e,parameter,high,sim_interactive,low,[harness] campaign matrix ignored the --fleet robot roster; a 3-robot campaign against a 1-robot fleet failed 'no odometry' for robots the fleet never declared,a 3-robot campaign against a 1-robot fleet failed on 'no odometry' for robots the fleet never declared,no,Test parametrization only.,tests/conftest.py,+11/-0 (listed files only) (commit shared by multiple listed defects)
AirStack-core,castacks/AirStack,AirStack-core-078,2026-08-20,commit_msg,https://github.com/castacks/AirStack/commit/efb7c868607089c4168cf6463be3e0976216489e,efb7c868607089c4168cf6463be3e0976216489e,logic,high,sim_interactive,low,[stack] airstack ready matched only compose-replica container names; fleet-generated robot services were invisible and bring-up timed out with every container up,"ready.sh matched only compose replicas (-robot-); fleet-generated services (airstack-robot_N-1) were invisible, so heterogeneous bring-ups timed out at 'robot containers running' with all containers actually up",no,Readiness gate only; the stack itself was running.,.airstack/modules/ready.sh,+5/-2 (listed files only) (commit shared by multiple listed defects)
AirStack-core,castacks/AirStack,AirStack-core-079,2026-08-21,commit_msg,https://github.com/castacks/AirStack/commit/0a13f04c9eda0d9588a5387b3b8e453513a2c91a,0a13f04c9eda0d9588a5387b3b8e453513a2c91a,logic,medium,unknown,low,[stack] airstack ready built its gates from the robot_N naming pattern; fleets with other robot names false-timed-out after 10 minutes,ready gates built from the resolved robot NAME (non-robot_N fleets no longer 10-min false-timeout),no,Readiness gate only.,.airstack/modules/ready.sh,+70/-69 (listed files only)
AirStack-core,castacks/AirStack,AirStack-core-080,2026-08-21,commit_msg,https://github.com/castacks/AirStack/commit/0b7b33d85bbcf4b4179582ff8a4a285e8f1e4693,0b7b33d85bbcf4b4179582ff8a4a285e8f1e4693,other,medium,unknown,low,"[stack] gcs, simple-sim and zed containers ran 'ssh service restart' (wrong invocation); sshd never started in those services",sshd actually starts (gcs/simple-sim/zed services ran 'ssh service restart'),no,Developer access only.,gcs/docker/gcs-base-docker-compose.yaml; simulation/isaac-sim/assets/scenes/local/1bfe5688f17c/SubUSDs/textures/MI_RackShield_01/Alum_Anodized_roughness.png; simulation/simple-sim/docker/docker-compose.yaml,+17/-5 (listed files only) (commit shared by multiple listed defects)
AirStack-core,castacks/AirStack,AirStack-core-081,2026-08-21,commit_msg,https://github.com/castacks/AirStack/commit/0b7b33d85bbcf4b4179582ff8a4a285e8f1e4693,0b7b33d85bbcf4b4179582ff8a4a285e8f1e4693,parameter,medium,unknown,low,[stack] multi-drone Isaac runs gave every PX4 the same GPS home; the GCS map stacked the whole fleet on one point,multi-drone runs get distinct PX4 GPS homes (PegasusApp anchors world_gps_origin for >1 drone ...) the GCS map no longer stacks the fleet on one point,uncertain,Multi-robot GCS geolocation wrong in sim; onboard autonomy unaffected.,simulation/isaac-sim/launch_scripts/fleet_spawn.py; simulation/isaac-sim/launch_scripts/gps_utils.py; simulation/isaac-sim/launch_scripts/pegasus_app.py,+29/-5 (listed files only) (commit shared by multiple listed defects)
AirStack-core,castacks/AirStack,AirStack-core-082,2026-08-21,commit_msg,https://github.com/castacks/AirStack/commit/8242ae85cbb550b17cb0dabf9be6786eba4bea34,8242ae85cbb550b17cb0dabf9be6786eba4bea34,timing_clock,medium,unknown,low,[harness] wiring-baseline capture settled before MAC-VO finished loading its model; the golden recorded an incomplete graph (golden-node wait added),"golden-node wait added (settle proves the graph stopped growing, not that it is complete — MAC-VO's model load raced the capture)",no,Baseline-capture tool only.,common/README.md; common/ros_packages/desktop_bringup/config/mavros_config.yaml; common/ros_packages/desktop_bringup/launch/gcs.launch.xml; common/ros_packages/desktop_bringup/launch/static_transforms.launch.xml; common/ros_packages/desktop_bringup/rviz/robot.rviz; robot/docker/.bashrc; (+56 more),+332/-31593 (commit shared by multiple listed defects)
AirStack-core,castacks/AirStack,AirStack-core-083,2026-08-21,commit_msg,https://github.com/castacks/AirStack/commit/8242ae85cbb550b17cb0dabf9be6786eba4bea34,8242ae85cbb550b17cb0dabf9be6786eba4bea34,remap_topic,medium,unknown,low,[stack] robot_name_map regex collapsed robots numbered 9 and above onto another robot's namespace and domain (robot 12 resolved as robot_2),robot_name_map regex: robots >=9 no longer collapse onto another robot's namespace/domain (robot 12 -> robot_2 before; contract-tested now),uncertain,Only a fleet of 9+ robots triggers it; then two robots share one namespace and DDS domain.,robot/docker/robot_name_map/default_robot_name_map.yaml,+1/-1 (listed files only) (commit shared by multiple listed defects)
AirStack-core,castacks/AirStack,AirStack-core-084,2026-08-21,commit_msg,https://github.com/castacks/AirStack/commit/8242ae85cbb550b17cb0dabf9be6786eba4bea34,8242ae85cbb550b17cb0dabf9be6786eba4bea34,parameter,medium,unknown,low,[stack] robot_interface_node hardcoded MAVROSInterface and silently discarded its 'interface' plugin parameter,"robot_interface_node honors its 'interface' plugin parameter (was hardcoded to MAVROSInterface, silently discarding the param)",uncertain,Any non-MAVROS interface plugin could not be selected; surfaces only when one is configured.,robot/ros_ws/src/interface/robot_interface/src/robot_interface_node.cpp,+3/-1 (listed files only) (commit shared by multiple listed defects)
AirStack-core,castacks/AirStack,AirStack-core-085,2026-08-21,commit_msg,https://github.com/castacks/AirStack/commit/c9e3cf6eabed2d84d4c043bf05214baaddd63d7a,c9e3cf6eabed2d84d4c043bf05214baaddd63d7a,other,high,unknown,low,[stack] module remove failed on root-owned __pycache__/build files written by containers and left a partial dir that broke the next vcs import,Containers drop root-owned __pycache__/build debris into mounted module checkouts; plain rm then failed and left a partial dir that broke the next vcs import.,no,Module-sync CLI only.,.airstack/modules/module.sh,+13/-1
AirStack-core,castacks/AirStack,AirStack-core-086,2026-08-22,commit_msg,https://github.com/castacks/AirStack/commit/002dd2366d341b3e0402bf8a454949c35589a9fd,002dd2366d341b3e0402bf8a454949c35589a9fd,build,high,unknown,low,[stack] simple-sim container sourced /opt/ros/humble after the Jazzy migration; the simulator never started,"fix(simple-sim): source ROS Jazzy, not Humble — sim never started since the Jazzy migration",no,Simulator fails at start.,simulation/simple-sim/docker/bashrc; simulation/simple-sim/docker/docker-compose.yaml,+4/-3
AirStack-core,castacks/AirStack,AirStack-core-087,2026-08-22,commit_msg,https://github.com/castacks/AirStack/commit/277b6eb3978c6468ccfb8adaa6ae43f8d35ffcae,277b6eb3978c6468ccfb8adaa6ae43f8d35ffcae,parameter,high,unknown,low,[harness] tests --stack ignored the :entry suffix; a split stack dispatched to a nonexistent stack.launch.xml and stranded the launch after the dispatcher preamble,the bare name would dispatch to a nonexistent entry and strand the launch after the dispatcher preamble,no,Harness option plumbing.,tests/conftest.py,+20/-9 (listed files only)
AirStack-core,castacks/AirStack,AirStack-core-088,2026-08-22,ci_run,https://github.com/castacks/AirStack/actions/runs/32590442072,2adc4a30b534081ee0cfea928c157ed277d0fd33,timing_clock,medium,ci_premerge,medium,[harness] three docs-deploy workflows raced on the gh-pages push when merges landed minutes apart; deploys failed 'failed to push some refs' (post-merge push-triggered CI),error: failed to push branch gh-pages to origin / concurrent deploys raced on the gh-pages push (observed: develop deploy rejected with 'fetch first'),no,Documentation deploy race; no runtime component.,.agents/skills/bump-version-and-release/SKILL.md; .env; .github/workflows/deploy_docs_from_develop.yaml; .github/workflows/deploy_docs_from_main.yaml; .github/workflows/deploy_docs_from_release.yaml; .github/workflows/scripts/docs_reorder_versions.py; (+2 more),+29/-11
AirStack-core,castacks/AirStack,AirStack-core-089,2026-08-22,ci_run,https://github.com/castacks/AirStack/actions/runs/32561435334,a8ce342d99854a35ab9d9f08d50c442f29992d02,build,high,ci_premerge,high,[harness] Metrics Report job installed only tabulate; parse_metrics imports the harness package (pyyaml) and crashed; crash was reported as a metric regression on every PR,ModuleNotFoundError: No module named 'yaml' ... ##[error]Metric regression detected — see the report above for details.,no,Reporting-job dependency; turned every PR red but touched no runtime code.,.env; .github/workflows/system-tests.yml; .github/workflows/unit-tests.yml; docs/release_notes/index.md,+44/-3 (commit shared by multiple listed defects)
AirStack-core,castacks/AirStack,AirStack-core-090,2026-08-22,ci_run,https://github.com/castacks/AirStack/actions/runs/32561435375,a8ce342d99854a35ab9d9f08d50c442f29992d02,parameter,high,ci_premerge,high,[harness] unit-tests.yml checked out without submodules or omni_pass.env; every 'airstack up --dry-run --sim isaac' contract test failed preflight on hosted runners,"[ERROR] simulation/isaac-sim/docker/omni_pass.env is missing (Nucleus credentials) ... [ERROR] PegasusSimulator submodule is empty ... 9 failed, 231 passed",no,CI environment provisioning; preflight itself was behaving as designed.,.env; .github/workflows/system-tests.yml; .github/workflows/unit-tests.yml; docs/release_notes/index.md,+44/-3 (commit shared by multiple listed defects)
AirStack-core,castacks/AirStack,AirStack-core-091,2026-08-24,commit_msg,https://github.com/castacks/AirStack/commit/5c0665fec67b1fcc06fdee4dbb0d9cdcb721ae78,5c0665fec67b1fcc06fdee4dbb0d9cdcb721ae78,logic,high,unknown,low,"[stack] 'airstack config nucleus' with blank input copied the guest template over an existing omni_pass.env, destroying a working API token","Blank input must actually skip: the file may hold a working API token, and overwriting it with the guest template would silently break Nucleus auth.",no,Setup-time credential handling.,.airstack/modules/config.sh,+6/-1
AirStack-core,castacks/AirStack,AirStack-core-092,2026-08-29,commit_msg,https://github.com/castacks/AirStack/commit/3b5416cae45fab4a9a1344bd6ad294dc8cbcb08b,3b5416cae45fab4a9a1344bd6ad294dc8cbcb08b,other,medium,unknown,low,"[harness] dispatch/schedule workflows existed only on develop; GitHub resolves them against the default branch, so the registry dispatch 404'd and daily catalog sync never fired","GitHub resolves filename workflow dispatch and schedule crons against the DEFAULT branch: without these files on main, the registry's trigger-trunk-sync dispatch 404s and the daily sync sweep never fires",no,CI trigger wiring only.,.github/workflows/deploy_docs_from_develop.yaml; .github/workflows/sync-modules-index.yml,+163/-3 (listed files only)
AirStack-core,castacks/AirStack,AirStack-core-093,2026-08-29,commit_msg,https://github.com/castacks/AirStack/commit/4c274322765f22c75fa0efe4b49a84ec7009e519,4c274322765f22c75fa0efe4b49a84ec7009e519,logic,high,unknown,low,[harness] sync-develop-from-main read NEW_VERSION from GITHUB_ENV inside the exporting step; bot bump commits were titled 'Bump VERSION to  ' (empty),"sync-develop-from-main.yaml: read NEW_VERSION from .env for the bump commit message — GITHUB_ENV exports only apply to later steps, so the message said 'Bump VERSION to  ' (empty).",no,Commit-message bookkeeping in a release workflow.,.github/workflows/sync-develop-from-main.yaml,+3/-0 (listed files only)
AirStack-core,castacks/AirStack,AirStack-core-094,2026-08-29,ci_run,https://github.com/castacks/AirStack/actions/runs/33234614177,c4d2ca21c139cf285c9183bd2b530386ba6db52a,logic,high,ci_premerge,high,"[stack] airstack.sh --config-only returned before the removed-AUTONOMY_ROLE check, so a stale AUTONOMY_ROLE silently passed preflight; contract test caught the regression",FAILED tests/meta/test_launch_intent_contract.py::test_autonomy_role_set_is_fatal - assert 0 != 0,uncertain,A leftover AUTONOMY_ROLE in a deployment env file would no longer be rejected; downstream effect depends on the stack selected.,.env; airstack.sh; tests/meta/test_docs_catalog_contract.py; tests/meta/test_fleet_contract.py,+41/-27
AirStack-core,castacks/AirStack,AirStack-core-095,2026-08-29,commit_msg,https://github.com/castacks/AirStack/commit/e4102b6165caf2236ca568507706ec198226065c,e4102b6165caf2236ca568507706ec198226065c,logic,high,unknown,low,"[harness] post-release main->develop sync skipped on a tree diff (identical content), so the ancestry merge was never pushed and develop VERSION never rolled forward","the old tree-diff skip fired right after every release (merge result content-identical to develop), so the workflow never pushed the ancestry-advancing merge commit or rolled develop's VERSION forward",no,Release-process workflow only.,.github/workflows/sync-develop-from-main.yaml,+8/-3 (listed files only)
AirStack-core,castacks/AirStack,AirStack-core-096,2026-09-05,ci_run,https://github.com/castacks/AirStack/actions/runs/33933054857,3abcad1a2ee55efef435bbf56ebbd2de5650c37b,logic,high,ci_premerge,high,[harness] docs-catalog contract loader had no mkdocs !ENV constructor after edit_uri: !ENV landed; four contract tests failed on main and develop for a week,yaml.constructor.ConstructorError: could not determine a constructor for the tag '!ENV',no,Contract-test loader only.,tests/meta/test_docs_catalog_contract.py,+14/-1
